{
  "isModEnabled": true,
  "sound": {
    "disableNetherAmbience": true,
    "disableWaterAmbience": true,
    "oldBed": true,
    "disableBedPlace": true,
    "oldChest": true,
    "disableChest": true,
    "disableEnderChest": true,
    "disableTrappedChest": true,
    "disableLavaAmbience": true,
    "disableLavaPop": true,
    "disableGrowth": true,
    "disableFurnace": true,
    "disableDoorPlace": true,
    "oldAttack": true,
    "oldHurt": true,
    "oldFall": true,
    "oldXp": true,
    "disableXpPickup": false,
    "disableXpLevel": false,
    "disableGenericSwim": true,
    "disableFishSwim": true,
    "disableFishHurt": true,
    "disableFishDeath": true,
    "disableSquid": true,
    "disableGlowSquidOther": true,
    "disableGlowSquidAmbience": true,
    "oldStep": true,
    "ignoreModdedStep": false
  },
  "eyeCandy": {
    "fixAmbientOcclusion": true,
    "disableAllOffset": false,
    "disableFlowerOffset": false,
    "oldMissingTexture": "BETA",
    "oldStairOutline": true,
    "oldFenceOutline": true,
    "oldSlabOutline": true,
    "oldWallOutline": true,
    "oldBlockOutlines": [],
    "oldChest": true,
    "oldChestVoxel": true,
    "oldEnderChest": true,
    "oldTrappedChest": true,
    "oldTorchBrightness": true,
    "oldTorchModel": true,
    "oldRedstoneTorchModel": true,
    "oldSoulTorchModel": true,
    "oldButtonHover": true,
    "oldCreativeHotbar": "BETA",
    "enableWindowTitle": false,
    "matchVersionOverlay": false,
    "windowTitleText": "Minecraft %v",
    "oldDebug": "BETA",
    "debugEntityId": true,
    "fpsChart": "CLASSIC",
    "showDebugTpsChart": false,
    "showDebugPieChart": false,
    "oldPieChartBackground": false,
    "showDebugTextShadow": true,
    "showDebugBackground": false,
    "debugBackgroundColor": "#50505090",
    "showDebugGpuUsage": false,
    "showDebugLightData": true,
    "showDebugFacingData": false,
    "showDebugTargetData": false,
    "showDebugBiomeData": true,
    "oldInventory": true,
    "inventoryBook": "DISABLED",
    "inventoryShield": "INVISIBLE",
    "disableEmptyArmorTexture": false,
    "disableEmptyShieldTexture": false,
    "invertedBlockLighting": true,
    "invertedPlayerLighting": true,
    "oldGuiBackground": "SOLID_BLACK",
    "customGuiBackground": false,
    "customTopGradient": "#00000000",
    "customBottomGradient": "#00000000",
    "oldLoadingOverlay": "BETA",
    "removeLoadingBar": false,
    "oldLoadingScreens": true,
    "oldVersionOverlay": true,
    "oldOverlayCorner": "TOP_LEFT",
    "oldOverlayText": "Minecraft %v",
    "oldPauseMenu": "MODERN",
    "includeModsOnPause": true,
    "removeExtraPauseButtons": true,
    "oldAnvilScreen": true,
    "oldCraftingScreen": true,
    "craftingBook": "SMALL",
    "oldFurnaceScreen": true,
    "furnaceBook": "DISABLED",
    "oldChatInput": true,
    "oldChatBox": true,
    "chatOffset": 0,
    "oldTooltipBoxes": true,
    "oldNoItemTooltips": false,
    "showEnchantmentTip": true,
    "showModifiersTip": false,
    "showDyeTip": false,
    "fixItemModelGap": true,
    "oldDamageArmorTint": true,
    "oldItemHolding": true,
    "ignoredHoldingItems": [],
    "disabledIgnoredHoldingItems": [],
    "itemMergeLimit": 64,
    "oldItemMerging": true,
    "old2dColors": false,
    "old2dItems": true,
    "old2dFrames": true,
    "old2dThrownItems": true,
    "old2dEnchantedItems": false,
    "old2dRendering": true,
    "oldDurabilityColors": true,
    "oldNoSelectedItemName": true,
    "oldPlainSelectedItemName": false,
    "fixChunkBorderLag": true,
    "disableBrightness": true,
    "disableLightFlicker": true,
    "oldClassicLighting": false,
    "oldNetherLighting": true,
    "oldLightRendering": true,
    "oldLightColor": true,
    "oldSmoothLighting": true,
    "maxBlockLight": 15,
    "oldLeavesLighting": true,
    "oldWaterLighting": true,
    "oldOpaqueExperience": true,
    "disableNetherParticles": true,
    "disableUnderwaterParticles": true,
    "disableLavaParticles": true,
    "disableLeverParticles": true,
    "disableModelDestructionParticles": true,
    "disableGrowthParticles": true,
    "disableFallingParticles": true,
    "disableSprintingParticles": true,
    "oldSweepParticles": true,
    "oldNoDamageParticles": true,
    "oldNoCritParticles": true,
    "oldNoMagicHitParticles": true,
    "oldExplosionParticles": true,
    "oldMixedExplosionParticles": true,
    "unoptimizedExplosionParticles": true,
    "overrideTitleScreen": true,
    "oldTitleBackground": true,
    "uncapTitleFPS": true,
    "oldAlphaLogo": true,
    "oldLogoOutline": true,
    "oldButtonLayout": "BETA",
    "includeModsOnTitle": true,
    "removeTitleRealmsButton": true,
    "removeTitleAccessibilityButton": true,
    "removeTitleLanguageButton": true,
    "titleVersionText": "Minecraft %v",
    "titleBottomLeftText": false,
    "removeTitleModLoaderText": true,
    "oldSquareBorder": true,
    "oldNameTags": true,
    "oldWorldFog": "ALPHA_R164",
    "disableHorizonFog": false,
    "oldNetherFog": true,
    "oldSunriseSunsetFog": true,
    "oldDarkFog": true,
    "oldDynamicFogColor": true,
    "universalFogColor": "DISABLED",
    "customTerrainFog": false,
    "customTerrainFogColor": "#FFFFFFFF",
    "customNetherFog": false,
    "customNetherFogColor": "#FF0000FF",
    "oldWaterFogDensity": true,
    "oldWaterFogColor": true,
    "smoothWaterDensity": true,
    "smoothWaterColor": true,
    "disableSunriseSunsetColors": false,
    "oldSunriseAtNorth": true,
    "oldStars": "ALPHA",
    "oldDynamicSkyColor": true,
    "universalSkyColor": "DISABLED",
    "oldNetherSky": true,
    "oldCloudHeight": 128,
    "customWorldSky": false,
    "customWorldSkyColor": "#FFFFFFFF",
    "customNetherSky": false,
    "customNetherSkyColor": "#FF0000FF",
    "oldBlueVoid": "ALPHA",
    "oldBlueVoidOverride": true,
    "oldDarkVoidHeight": false,
    "customVoidSky": false,
    "customVoidSkyColor": "#0000FFFF",
    "disableVoidFog": false,
    "creativeVoidFog": false,
    "creativeVoidParticles": false,
    "lightRemovesVoidFog": true,
    "voidFogColor": "#0C0C0CFF",
    "voidFogEncroach": 50,
    "voidFogStart": 50,
    "voidParticleStart": -47,
    "voidParticleRadius": 16,
    "voidParticleDensity": 20
  },
  "gameplay": {
    "oldLadderGap": true,
    "oldSquidMilking": true,
    "monsterSpawnCap": 90,
    "disableAnimalPanic": true,
    "animalSpawnCap": 25,
    "oldAnimalSpawning": true,
    "disableSheepEatGrass": false,
    "oldSheepPunching": true,
    "oneWoolPunch": false,
    "oldZombiePigmenDrops": true,
    "oldSkeletonDrops": true,
    "oldChickenDrops": true,
    "oldZombieDrops": true,
    "oldSpiderDrops": true,
    "oldSheepDrops": true,
    "oldCowDrops": true,
    "oldPigDrops": true,
    "oldStyleZombieVillagerDrops": true,
    "oldStyleCaveSpiderDrops": true,
    "oldStyleMooshroomDrops": true,
    "oldStyleDrownedDrops": true,
    "oldStyleRabbitDrops": true,
    "oldStyleStrayDrops": true,
    "oldStyleHuskDrops": true,
    "oldDamageValues": true,
    "disableCooldown": true,
    "disableMissTimer": true,
    "disableCriticalHit": true,
    "disableSweep": true,
    "arrowSpeed": 100,
    "instantBow": true,
    "invincibleBow": true,
    "disableExperienceBar": true,
    "showXpLevelText": false,
    "showXpLevelInCreative": false,
    "altXpLevelCorner": "TOP_LEFT",
    "altXpLevelText": "Level: %a%v",
    "showXpProgressText": false,
    "showXpProgressInCreative": false,
    "useDynamicProgressColor": true,
    "altXpProgressCorner": "TOP_LEFT",
    "altXpProgressText": "Experience: %v%",
    "disableOrbSpawn": true,
    "disableOrbRendering": true,
    "disableAnvil": false,
    "disableEnchantTable": false,
    "disableSprint": false,
    "leftClickDoor": true,
    "leftClickLever": true,
    "leftClickButton": true,
    "instantBonemeal": true,
    "tilledGrassSeeds": true,
    "oldFire": true,
    "infiniteBurn": true,
    "instantAir": true,
    "disableSwim": false,
    "cartBoosting": true,
    "disableBedBounce": true,
    "disableHungerBar": true,
    "showHungerFoodText": false,
    "useDynamicFoodColor": true,
    "altHungerFoodCorner": "TOP_LEFT",
    "altHungerFoodText": "Food: %v",
    "showHungerSaturationText": false,
    "useDynamicSaturationColor": true,
    "altHungerSaturationCorner": "TOP_LEFT",
    "altHungerSaturationText": "Saturation: %v%",
    "instantEat": false,
    "disableHunger": true,
    "customFoodHealth": {},
    "disabledFoodHealth": [],
    "oldFoodStacking": true,
    "customFoodStacking": {
      "minecraft:cooked_porkchop": 16,
      "minecraft:cod": 32,
      "minecraft:potato": 64,
      "minecraft:enchanted_golden_apple": 1,
      "minecraft:melon_slice": 64,
      "minecraft:golden_carrot": 8,
      "minecraft:bread": 32,
      "minecraft:rotten_flesh": 48,
      "minecraft:beetroot": 64,
      "minecraft:carrot": 64,
      "minecraft:honey_bottle": 64,
      "minecraft:pumpkin_pie": 32,
      "minecraft:mutton": 32,
      "minecraft:poisonous_potato": 64,
      "minecraft:pufferfish": 64,
      "minecraft:sweet_berries": 32,
      "minecraft:apple": 16,
      "minecraft:dried_kelp": 48,
      "minecraft:porkchop": 32,
      "minecraft:rabbit_stew": 2,
      "minecraft:cooked_rabbit": 8,
      "minecraft:salmon": 32,
      "minecraft:beetroot_soup": 32,
      "minecraft:beef": 32,
      "minecraft:spider_eye": 64,
      "minecraft:cooked_cod": 16,
      "minecraft:glow_berries": 64,
      "minecraft:tropical_fish": 64,
      "minecraft:cooked_beef": 16,
      "minecraft:golden_apple": 8,
      "minecraft:mushroom_stew": 32,
      "minecraft:cooked_mutton": 12,
      "minecraft:chicken": 32,
      "minecraft:baked_potato": 16,
      "minecraft:chorus_fruit": 48,
      "minecraft:cooked_chicken": 16,
      "minecraft:cookie": 64,
      "minecraft:rabbit": 24,
      "minecraft:cooked_salmon": 16
    },
    "disabledFoodStacking": [],
    "customItemStacking": {}
  },
  "animation": {
    "oldArmSway": true,
    "armSwayMirror": false,
    "armSwayIntensity": 100,
    "oldSwing": true,
    "oldSwingInterrupt": true,
    "oldSwingDropping": true,
    "oldClassicSwing": false,
    "oldItemCooldown": true,
    "oldItemReequip": true,
    "oldToolExplosion": true,
    "oldZombieArms": true,
    "oldSkeletonArms": true,
    "oldGhastCharging": true,
    "oldBackwardWalking": true,
    "oldCollideBobbing": true,
    "oldVerticalBobbing": true,
    "oldCreativeCrouch": true,
    "oldDirectionalDamage": true,
    "oldRandomDamage": true,
    "oldSneaking": true,
    "disableDeathTopple": true
  },
  "swing": {
    "overrideSpeeds": false,
    "leftClickSpeedOnBlockInteract": true,
    "leftGlobalSpeed": -1,
    "rightGlobalSpeed": -1,
    "leftItemSpeed": 8,
    "rightItemSpeed": 8,
    "leftToolSpeed": 8,
    "rightToolSpeed": 8,
    "leftBlockSpeed": 8,
    "rightBlockSpeed": 8,
    "leftSwordSpeed": 8,
    "rightSwordSpeed": 8,
    "leftHasteSpeed": -1,
    "rightHasteSpeed": -1,
    "leftFatigueSpeed": -1,
    "rightFatigueSpeed": -1,
    "leftClickSwingSpeeds": {},
    "rightClickSwingSpeeds": {}
  },
  "gui": {
    "interactedWithConfig": true,
    "displayDonatorBanner": true,
    "defaultScreen": "MAIN_MENU",
    "numberOfBackups": 5,
    "displayNewTags": true,
    "displaySidedTags": true,
    "displayTagTooltips": true,
    "displayFeatureStatus": true,
    "displayCategoryTree": true,
    "categoryTreeColor": "#8B8B8B7F",
    "displayRowHighlight": true,
    "doRowHighlightFade": true,
    "rowHighlightColor": "#FFFFFF32"
  }
}